time,mean_pressure,min_pressure,max_pressure,std_pressure,pressure_range,anomaly
0,54.022241435545574,-1.2939453e-06,99.197334,19.510166819007818,99.1973352939453,0
900,54.06796853120215,-1.2939453e-06,99.2583,19.510989465070647,99.25830129394531,0
1800,54.112559070394106,-1.2939453e-06,99.319115,19.512168578949655,99.3191162939453,0
2700,54.157058805318286,-1.2939453e-06,99.37975,19.513549524413673,99.3797512939453,0
3600,55.016660350015286,-1.2939453e-06,101.48763,19.808535820202056,101.4876312939453,0
4500,55.45313844471229,-1.2939453e-06,101.631516,20.064035221315876,101.63151729394531,0
5400,55.53574472400515,-1.2939453e-06,101.7613,20.07146460326556,101.76130129394531,0
6300,55.61813630531832,-1.2939453e-06,101.890724,20.079239139588196,101.89072529394531,0
7200,55.8724551732476,-1.2939453e-06,102.122635,20.198875005866167,102.1226362939453,0
8100,55.9651018189547,-1.2939453e-06,102.288,20.21042057719693,102.2880012939453,0
9000,56.05082755228796,-1.2939453e-06,102.42038,20.219457869560046,102.4203812939453,0
9900,56.13635074294457,-1.2939453e-06,102.55238,20.228826141718663,102.5523812939453,0
10800,56.0776792972375,-1.2939453e-06,104.30972,19.77634488456315,104.3097212939453,0
11700,56.13556024496483,-1.2939453e-06,104.48927,19.790897400957558,104.48927129394531,0
12600,56.19262961743955,-1.2939453e-06,104.66331,19.805813040019977,104.6633112939453,0
13500,54.67874395304563,-1.2939453e-06,103.383,19.15265993050735,103.3830012939453,0
14400,54.80197390506579,-1.2939453e-06,104.00231,19.236623701530274,104.0023112939453,0
15300,53.668386516429436,-1.2939453e-06,91.86255,17.428986638551503,91.8625512939453,0
16200,53.20945273915663,-1.2939453e-06,91.68365,17.2276916790013,91.6836512939453,0
17100,53.168694457591116,-1.2939453e-06,91.504745,17.23023308663079,91.5047462939453,0
18000,53.05409058360119,-1.2939453e-06,91.35038,17.195190367226946,91.3503812939453,0
18900,53.01234980254055,-1.2939453e-06,91.18034,17.198096114544228,91.1803412939453,0
19800,53.519547682843566,-1.2939453e-06,96.11891,17.78988151533896,96.1189112939453,0
20700,55.19551820784354,-1.2939453e-06,104.62641,18.69391116283727,104.62641129394531,0
21600,54.67856329824762,-1.2939453e-06,103.15948,18.40126005104861,103.1594812939453,0
22500,54.73980970001526,-1.2939453e-06,103.326385,18.416370374887617,103.3263862939453,0
23400,54.80019579976278,-1.2939453e-06,103.48744,18.431621930204233,103.48744129394531,0
24300,54.86047426213657,-1.2939453e-06,103.64818,18.447377512286245,103.6481812939453,0
25200,54.57131497653043,-1.2939453e-06,103.27891,18.37704600291755,103.2789112939453,0
26100,55.075872981075946,-1.2939453e-06,103.42598,18.803878455374004,103.4259812939453,0
27000,55.13577274445968,-1.2939453e-06,103.5712,18.829768366265455,103.57120129394531,0
27900,55.19556366592439,-1.2939453e-06,103.716156,18.856320774118107,103.7161572939453,0
28800,51.88525312905567,-1.2939453e-06,89.35852,16.8239906911815,89.3585212939453,0
29700,51.78205908814665,-1.2939453e-06,89.07373,16.837256307471463,89.0737312939453,0
30600,51.679392109611335,-1.2939453e-06,88.79123,16.852252772412335,88.7912312939453,0
31500,51.57683967754054,-1.2939453e-06,88.508705,16.868942449287317,88.50870629394531,0
32400,50.59728042956078,-1.2939453e-06,86.624,16.636965375967765,86.6240012939453,1
33300,53.031323131580955,-1.2939453e-06,100.89122,17.841761273107537,100.8912212939453,0
34200,53.403071988904145,-1.2939453e-06,100.97073,17.96301819520517,100.9707312939453,0
35100,53.42979538562131,-1.2939453e-06,101.060326,17.95363606058768,101.0603272939453,0
36000,52.96667566137894,-1.2939453e-06,99.99253,17.758132783077116,99.9925312939453,0
36900,52.97738802223753,-1.2939453e-06,100.043816,17.747898696472724,100.04381729394531,0
37800,52.98697637097487,-1.2939453e-06,100.08737,17.737347194426633,100.08737129394531,0
38700,52.99661263385367,-1.2939453e-06,100.13083,17.726989647628805,100.1308312939453,0
39600,52.95038130683343,-1.2939453e-06,99.76641,17.670975357839325,99.7664112939453,0
40500,52.95283552552036,-1.2939453e-06,99.79129,17.660123181750148,99.7912912939453,0
41400,53.63074374395465,-1.2939453e-06,99.48766,17.84576839106149,99.48766129394531,0
42300,54.75838039041932,-1.2939453e-06,99.04091,19.05123836255422,99.0409112939453,0
43200,54.65044496036883,-1.2939453e-06,99.50483,19.134030598436315,99.5048312939453,0
44100,54.66957978284358,-1.2939453e-06,99.50525,19.14030983803531,99.5052512939453,0
45000,54.80323529218703,-1.2939453e-06,99.502686,19.21229848156934,99.5026872939453,0
45900,54.82458928284358,-1.2939453e-06,99.49965,19.217775190035248,99.4996512939453,0
46800,54.763127547995126,-1.2939453e-06,98.56997,19.08923976073335,98.5699712939453,0
47700,54.777269652035535,-1.2939453e-06,98.52417,19.093987945462423,98.5241712939453,0
48600,54.78963878511636,-1.2939453e-06,98.46681,19.098385274775243,98.4668112939453,0
49500,54.80186708435877,-1.2939453e-06,98.40906,19.10290645194739,98.4090612939453,0
50400,55.0211033181971,-1.2939453e-06,99.24626,19.225392054646537,99.24626129394531,0
51300,55.05080520658095,-1.2939453e-06,99.25181,19.230775410995587,99.25181129394531,0
52200,55.078636082085985,-1.2939453e-06,99.246,19.23577358990034,99.2460012939453,0
53100,55.106277225772864,-1.2939453e-06,99.23966,19.24083529168016,99.2396612939453,0
54000,54.900792020974826,-1.2939453e-06,98.2007,19.174699086804083,98.2007012939453,0
54900,54.91709762930826,-1.2939453e-06,98.14527,19.181346987838737,98.1452712939453,0
55800,54.93083859016686,-1.2939453e-06,98.07305,19.187493422447893,98.0730512939453,0
56700,54.94441501415672,-1.2939453e-06,98.000465,19.193791524615445,98.00046629394531,0
57600,54.66921935809613,-1.2939453e-06,98.181404,19.11404059826408,98.1814052939453,0
58500,54.53719176289406,-1.2939453e-06,98.1298,19.12786279971222,98.1298012939453,0
59400,54.518601846479896,-1.2939453e-06,98.07649,19.16141551554996,98.07649129394531,0
60300,53.12755903259105,-1.2939453e-06,98.02272,18.97233989466522,98.02272129394531,0
61200,52.99840800531831,-1.2939453e-06,97.640594,18.816586636844704,97.6405952939453,0
62100,52.95125047627791,-1.2939453e-06,97.56115,18.84273245499789,97.5611512939453,0
63000,50.97921235733855,-1.2939453e-06,98.20994,17.446592563138125,98.2099412939453,1
63900,50.91549685834865,-1.2939453e-06,98.17541,17.449482405176916,98.1754112939453,1
64800,50.73183310415675,-1.2939453e-06,98.265,17.56903196243044,98.2650012939453,1
65700,50.67581420112641,-1.2939453e-06,98.241684,17.57695601346464,98.24168529394531,1
66600,50.61978331693449,-1.2939453e-06,98.218155,17.585240822731663,98.2181562939453,1
67500,50.56378969799508,-1.2939453e-06,98.19472,17.59392892692111,98.1947212939453,1
68400,50.75868685885369,-1.2939453e-06,98.22959,17.711387494447198,98.2295912939453,1
69300,50.72326142880316,-1.2939453e-06,98.21125,17.6960494033692,98.21125129394531,1
70200,50.687873406075916,-1.2939453e-06,98.19282,17.680876511135892,98.1928212939453,1
71100,50.65251990026777,-1.2939453e-06,98.174416,17.665892825801052,98.1744172939453,1
72000,50.35543828814656,-1.2939453e-06,97.88151,17.632177654196347,97.88151129394531,1
72900,50.3127920916819,-1.2939453e-06,97.84292,17.61576897177544,97.84292129394531,1
73800,50.27005757804555,-1.2939453e-06,97.8032,17.599458995536953,97.8032012939453,1
74700,50.22737635329815,-1.2939453e-06,97.76357,17.583350899501024,97.7635712939453,1
75600,50.646577453045595,-1.2939453e-06,97.73044,17.669983426328873,97.7304412939453,1
76500,50.62089368865166,-1.2939453e-06,97.69138,17.656142938045146,97.6913812939453,1
77400,50.59514062956075,-1.2939453e-06,97.652466,17.642342128875907,97.6524672939453,1
78300,50.56940588057085,-1.2939453e-06,97.61364,17.628763422305276,97.6136412939453,1
79200,50.950364214661754,-1.2939453e-06,98.784355,17.7209361611246,98.78435629394531,1
80100,50.93829610026781,-1.2939453e-06,98.83883,17.713458700758306,98.8388312939453,1
81000,50.92362591819708,-1.2939453e-06,98.87615,17.704903882253095,98.8761512939453,1
81900,52.08857731693451,-1.2939453e-06,98.79251,19.121345178876716,98.7925112939453,0
82800,52.39241877375266,-1.2939453e-06,98.971375,19.167627712342764,98.9713762939453,0
83700,52.39966866516682,-1.2939453e-06,99.003586,19.175767832136685,99.0035872939453,0
84600,52.40661155683348,-1.2939453e-06,99.03532,19.18400434124242,99.0353212939453,0
85500,52.413361821479945,-1.2939453e-06,99.06673,19.19241589139586,99.06673129394531,0
86400,53.34920362728806,-1.2939453e-06,100.12872,19.69409066628279,100.1287212939453,0
87300,53.38766002198497,-1.2939453e-06,100.20667,19.707544938087924,100.2066712939453,0
88200,53.42497833536877,-1.2939453e-06,100.27904,19.72093979531468,100.2790412939453,0
89100,53.46202473284352,-1.2939453e-06,100.351,19.734625487722752,100.3510012939453,0
90000,54.11172189168193,-1.2939453e-06,101.66977,20.18067574995431,101.6697712939453,0
90900,54.166151953045585,-1.2939453e-06,101.78553,20.199019530856646,101.7855312939453,0
91800,55.45695243612634,-1.2939453e-06,101.92093,20.095763691333175,101.9209312939453,0
92700,55.53451496642943,-1.2939453e-06,102.03921,20.10788642281467,102.0392112939453,0
93600,54.447862155570846,-1.2939453e-06,102.1789,19.22413925763584,102.1789012939453,0
94500,54.45407896163147,-1.2939453e-06,102.30066,19.256510781608185,102.3006612939453,0
95400,54.4602726035506,-1.2939453e-06,102.422226,19.289512345512566,102.4222272939453,0
96300,54.46648712299509,-1.2939453e-06,102.543625,19.32319670421973,102.54362629394531,0
97200,54.606417480570826,-1.2939453e-06,103.12427,19.450798332787897,103.1242712939453,0
98100,53.59216797880313,-1.2939453e-06,103.70372,17.97813151353056,103.7037212939453,0
99000,52.03833331844965,-1.2939453e-06,90.638435,17.004060797447885,90.6384362939453,0
99900,51.96730758385368,-1.2939453e-06,90.397064,17.00677231906667,90.3970652939453,0
100800,52.34038444016682,-1.2939453e-06,94.34711,17.55738770302558,94.3471112939453,0
101700,52.31117531238904,-1.2939453e-06,94.49365,17.56397983331107,94.4936512939453,0
102600,52.285857462641516,-1.2939453e-06,94.63968,17.571592659263555,94.6396812939453,0
103500,52.26053959370209,-1.2939453e-06,94.78544,17.580472501187394,94.7854412939453,0
104400,53.46240529041934,-1.2939453e-06,102.04747,18.196495600523658,102.0474712939453,0
105300,53.4998236780455,-1.2939453e-06,102.1823,18.214100173272623,102.1823012939453,0
106200,53.882921515924394,-1.2939453e-06,102.316444,18.53540777598545,102.3164452939453,0
107100,53.93007189976278,-1.2939453e-06,102.44968,18.557993217643602,102.4496812939453,0
108000,53.18992193637898,-1.2939453e-06,101.17285,18.22828429160928,101.1728512939453,0
108900,53.209771426530494,-1.2939453e-06,101.26718,18.247207719308157,101.2671812939453,0
109800,53.54687712678289,-1.2939453e-06,101.343765,18.314559688895464,101.34376629394531,0
110700,53.58272457678298,-1.2939453e-06,101.428764,18.307686832657645,101.4287652939453,0
111600,53.302290870469825,-1.2939453e-06,101.012886,18.039160307743465,101.0128872939453,0
112500,53.32609257754057,-1.2939453e-06,101.08004,18.02964413805257,101.0800412939453,0
113400,53.34969460986375,-1.2939453e-06,101.14578,18.020235834647195,101.1457812939453,0
114300,53.37329562400515,-1.2939453e-06,101.21137,18.011032340821558,101.2113712939453,0
115200,52.91091128132844,-1.2939453e-06,100.64539,17.81801869809047,100.64539129394531,0
116100,52.91638579673249,-1.2939453e-06,100.68569,17.80819758052949,100.6856912939453,0
117000,52.921485492691964,-1.2939453e-06,100.723236,17.798341358835902,100.7232372939453,0
117900,52.92662517754052,-1.2939453e-06,100.76069,17.7886518187237,100.7606912939453,0
118800,52.75552508284359,-1.2939453e-06,100.031555,17.770123182171496,100.0315562939453,0
119700,52.754889095974896,-1.2939453e-06,100.031525,17.759031877653463,100.0315262939453,0
120600,52.7535167601163,-1.2939453e-06,100.02607,17.747693764686357,100.02607129394531,0
121500,52.75218446567186,-1.2939453e-06,100.02062,17.73650611326842,100.0206212939453,0
122400,52.53489902223748,-1.2939453e-06,100.03416,17.63165379921559,100.0341612939453,0
123300,53.829313001277896,-1.2939453e-06,99.915535,18.931753663447914,99.91553629394531,0
124200,53.82885306087386,-1.2939453e-06,99.899635,18.93372555530857,99.8996362939453,0
125100,53.82836657678297,-1.2939453e-06,99.883705,18.935772993186497,99.88370629394531,0
126000,54.03454073486382,-1.2939453e-06,99.70489,19.037889988346762,99.70489129394531,0
126900,54.032186793954686,-1.2939453e-06,99.67873,19.040042632766344,99.6787312939453,0
127800,54.02977563663143,-1.2939453e-06,99.65219,19.042264155074932,99.65219129394531,0
128700,54.02736108132849,-1.2939453e-06,99.625656,19.044575085652788,99.62565729394531,0
129600,54.331584997490054,-1.2939453e-06,100.68522,19.13264966605577,100.6852212939453,0
130500,54.34921432375265,-1.2939453e-06,100.73111,19.138123867208588,100.7311112939453,0
131400,54.36502354016679,-1.2939453e-06,100.76518,19.14300535100386,100.7651812939453,0
132300,54.380783756580996,-1.2939453e-06,100.799095,19.14796010589818,100.7990962939453,0
133200,54.24379416036881,-1.2939453e-06,100.18075,19.259098429508384,100.1807512939453,0
134100,54.24983702451023,-1.2939453e-06,100.18733,19.287456331169476,100.1873312939453,0
135000,54.255025827288016,-1.2939453e-06,100.18958,19.31574627128392,100.18958129394531,0
135900,53.34370002350016,-1.2939453e-06,100.19766,18.704554162489917,100.1976612939453,0
136800,53.53294527703554,-1.2939453e-06,100.405426,18.83894171359165,100.40542729394531,0
137700,53.48781515986383,-1.2939453e-06,100.42106,18.873824505696422,100.4210612939453,0
138600,53.44258951794456,-1.2939453e-06,100.43627,18.90951054946585,100.4362712939453,0
139500,53.39744574243958,-1.2939453e-06,100.45152,18.946049661039986,100.4515212939453,0
140400,50.65602694269207,-1.2939453e-06,87.51775,16.654587085425796,87.51775129394531,1
141300,51.125830077035474,-1.2939453e-06,92.179306,17.180374809889543,92.1793072939453,1
142200,51.0588871588537,-1.2939453e-06,92.26339,17.193690804725204,92.2633912939453,1
143100,50.992042569964845,-1.2939453e-06,92.34739,17.208654635819347,92.34739129394531,1
144000,52.705417124510255,-1.2939453e-06,100.15921,17.846033964003144,100.1592112939453,0
144900,52.71633311516677,-1.2939453e-06,100.226234,17.861216572727805,100.22623529394531,0
145800,53.07404467476274,-1.2939453e-06,100.28065,17.979602472225643,100.2806512939453,0
146700,53.10304932350021,-1.2939453e-06,100.34452,17.969874714743522,100.3445212939453,0
147600,53.17122677754056,-1.2939453e-06,100.55676,17.9709297576328,100.5567612939453,0
148500,53.45399562072234,-1.2939453e-06,100.68261,18.155073245732762,100.6826112939453,0
149400,53.49298401466178,-1.2939453e-06,100.75389,18.14811693447956,100.7538912939453,0
150300,53.53193544395471,-1.2939453e-06,100.825,18.14139635275635,100.8250012939453,0
151200,53.654280653298166,-1.2939453e-06,101.1953,18.208757524211933,101.1953012939453,0
152100,53.722271203298114,-1.2939453e-06,101.39407,18.216167468704047,101.3940712939453,0
153000,53.765972473752655,-1.2939453e-06,101.48037,18.21243358308873,101.4803712939453,0
153900,53.809495150772875,-1.2939453e-06,101.565765,18.208899634088045,101.5657662939453,0
154800,53.59096879546983,-1.2939453e-06,101.46361,18.11265516804426,101.4636112939453,0
155700,53.62787063385368,-1.2939453e-06,101.54131,18.10798362349199,101.5413112939453,0
156600,53.66466505228803,-1.2939453e-06,101.61862,18.103539034826,101.61862129394531,0
157500,53.701372718197135,-1.2939453e-06,101.69572,18.09933831660615,101.6957212939453,0
158400,53.36032527930824,-1.2939453e-06,100.659134,17.89481445921481,100.6591352939453,0
159300,52.582816152793065,-1.2939453e-06,100.703316,17.18290024268379,100.7033172939453,0
160200,53.4078706181971,-1.2939453e-06,100.43601,17.39014010903358,100.4360112939453,0
161100,53.38750359774261,-1.2939453e-06,100.43861,17.40069462522151,100.4386112939453,0
162000,54.37543432930817,-1.2939453e-06,100.433044,18.786205432839193,100.4330452939453,0
162900,54.35226897577288,-1.2939453e-06,100.4385,18.819598796959692,100.43850129394531,0
163800,54.816982377287985,-1.2939453e-06,100.441574,19.055983120779953,100.4415752939453,0
164700,52.92374361693453,-1.2939453e-06,97.45788,18.700509664505397,97.4578812939453,0
165600,52.25229238890417,-1.2939453e-06,97.335976,18.720238786264968,97.3359772939453,0
166500,52.16814619142939,-1.2939453e-06,97.40085,18.778974899101346,97.40085129394531,0
167400,52.08471499370215,-1.2939453e-06,97.465485,18.839366344089246,97.4654862939453,0
168300,54.13494213764158,-1.2939453e-06,98.52065,19.058584007012307,98.5206512939453,0
169200,54.15521556743946,-1.2939453e-06,98.371475,18.900271687168807,98.3714762939453,0
170100,54.148930514156724,-1.2939453e-06,98.34234,18.93255645923457,98.3423412939453,0
171000,54.142513100520354,-1.2939453e-06,98.31252,18.96509143827541,98.31252129394531,0
171900,54.13598668057088,-1.2939453e-06,98.282234,18.997892004952956,98.2822352939453,0
172800,54.20439180531831,-1.2939453e-06,98.653114,19.16398437723997,98.6531152939453,0
173700,54.2059263601163,-1.2939453e-06,98.64521,19.198448124758396,98.64521129394531,0
174600,54.401573715419424,-1.2939453e-06,98.63477,19.360903821639027,98.6347712939453,0
175500,54.40831743612635,-1.2939453e-06,98.62394,19.39647604056418,98.62394129394531,0
176400,54.789007989156715,-1.2939453e-06,98.20856,19.43305681988821,98.20856129394531,0
177300,54.82061577728797,-1.2939453e-06,98.17634,19.43831926326348,98.1763412939453,0
178200,54.85176569193447,-1.2939453e-06,98.14179,19.443628406453353,98.1417912939453,0
179100,54.8827189353688,-1.2939453e-06,98.10678,19.449056056531642,98.1067812939453,0
180000,56.401318584106235,-1.2939453e-06,100.36106,20.007805125034764,100.3610612939453,0
180900,56.48412859142944,-1.2939453e-06,100.447845,20.01334361810049,100.4478462939453,0
181800,55.64454195784359,-1.2939453e-06,101.01177,18.904107218007844,101.0117712939453,0
182700,55.719511036378854,-1.2939453e-06,101.08743,18.905565256693194,101.0874312939453,0
183600,56.66775020329809,-1.2939453e-06,102.91144,19.314797381002695,102.9114412939453,0
184500,56.77213869385364,-1.2939453e-06,103.039,19.320809762503718,103.0390012939453,0
185400,55.81726738322238,-1.2939453e-06,103.95477,19.13380240538134,103.9547712939453,0
186300,55.90605587059608,-1.2939453e-06,104.12724,19.133337796147426,104.1272412939453,0
187200,55.623709283853685,-1.2939453e-06,105.27588,18.447547305696652,105.2758812939453,0
188100,55.67679937804559,-1.2939453e-06,105.47478,18.450012245818264,105.4747812939453,0
189000,54.06045585178295,-1.2939453e-06,92.14442,17.46070087464713,92.1444212939453,0
189900,54.03817029092434,-1.2939453e-06,91.96564,17.445716501202515,91.9656412939453,0
190800,53.75372164269205,-1.2939453e-06,92.24299,17.324690149867006,92.24299129394531,0
191700,53.72244011390417,-1.2939453e-06,92.08485,17.327445920139866,92.0848512939453,0
192600,53.69162165910621,-1.2939453e-06,91.928215,17.33100244952652,91.9282162939453,0
193500,53.66095594193446,-1.2939453e-06,91.771576,17.335299106237336,91.7715772939453,0
194400,52.90574832728801,-1.2939453e-06,90.75059,17.102191075966896,90.7505912939453,0
195300,52.84056961516681,-1.2939453e-06,90.54856,17.10980284294774,90.5485612939453,0
196200,54.41869968940921,-1.2939453e-06,104.14577,18.05745472444696,104.1457712939453,0
197100,54.06293486870214,-1.2939453e-06,104.205894,18.464519033409584,104.2058952939453,0
198000,53.72894783309615,-1.2939453e-06,102.62446,18.265577986602025,102.6244612939453,0
198900,53.75678672451027,-1.2939453e-06,102.7685,18.280764101768753,102.7685012939453,0
199800,53.78344837400527,-1.2939453e-06,102.9048,18.295981661349806,102.9048012939453,0
200700,53.80998662754048,-1.2939453e-06,103.04068,18.311768898588323,103.0406812939453,0
201600,53.200207212136526,-1.2939453e-06,102.223595,18.067549726412675,102.2235962939453,0
202500,53.556562963399124,-1.2939453e-06,102.333755,18.39606277598975,102.3337562939453,0
203400,53.57177730254057,-1.2939453e-06,102.43969,18.414693253787078,102.4396912939453,0
204300,53.58688243486372,-1.2939453e-06,102.54529,18.43382390818923,102.5452912939453,0
205200,50.583308492692,-1.2939453e-06,95.611824,17.104294404610577,95.6118252939453,1
206100,50.47684987602545,-1.2939453e-06,95.67284,17.114989958513537,95.6728412939453,1
207000,50.37219702577286,-1.2939453e-06,95.73307,17.127172038696582,95.7330712939453,1
207900,50.26763936289409,-1.2939453e-06,95.793015,17.140779100427793,95.7930162939453,1
208800,52.25105984597494,-1.2939453e-06,99.74244,18.104335755886677,99.7424412939453,0
209700,51.68275850102546,-1.2939453e-06,99.80994,17.338886701809518,99.8099412939453,0
210600,51.634088273247606,-1.2939453e-06,99.8558,17.33217346618945,99.8558012939453,0
211500,51.58575570557081,-1.2939453e-06,99.90146,17.326856533226678,99.9014612939453,0
212400,51.068400060368795,-1.2939453e-06,99.085815,17.071911302362327,99.0858162939453,1
213300,52.26294333940919,-1.2939453e-06,98.98528,18.615806748901885,98.9852812939453,0
214200,52.68046186087386,-1.2939453e-06,98.9518,18.996835990634086,98.95180129394531,0
215100,52.661510510873896,-1.2939453e-06,98.93941,19.002522073208855,98.9394112939453,0
216000,52.78241045582342,-1.2939453e-06,99.782326,19.072879553389463,99.7823272939453,0
216900,52.77380414420723,-1.2939453e-06,99.81921,19.08162921630564,99.8192112939453,0
217800,52.76421458865166,-1.2939453e-06,99.849396,19.090157682016866,99.8493972939453,0
218700,52.754604088904145,-1.2939453e-06,99.87926,19.098848860097004,99.8792612939453,0
219600,52.7788798338537,-1.2939453e-06,100.05525,19.060021489438782,100.0552512939453,0
220500,52.77804299092445,-1.2939453e-06,100.09076,19.067823201886494,100.0907612939453,0
221400,52.77703399900519,-1.2939453e-06,100.125755,19.07575180519864,100.1257562939453,0
222300,52.77593331339919,-1.2939453e-06,100.16047,19.083861130023717,100.1604712939453,0
223200,52.57052993334865,-1.2939453e-06,99.25388,19.11387731855917,99.2538812939453,0
224100,52.55516980304563,-1.2939453e-06,99.25096,19.121939852561308,99.25096129394531,0
225000,52.53830985102539,-1.2939453e-06,99.23879,19.129555895190656,99.2387912939453,0
225900,52.521401747489996,-1.2939453e-06,99.22643,19.137284258452368,99.2264312939453,0
226800,53.33701994647991,-1.2939453e-06,101.15235,19.497129032864475,101.1523512939453,0
227700,53.51460847703549,-1.2939453e-06,101.24591,19.611542595087627,101.2459112939453,0
228600,53.533055076530474,-1.2939453e-06,101.31786,19.623166425151652,101.3178612939453,0
229500,53.55133708057085,-1.2939453e-06,101.38941,19.635002389626667,101.3894112939453,0
230400,52.15384265531837,-1.2939453e-06,100.52725,18.053688226353554,100.5272512939453,0
231300,52.06487810935866,-1.2939453e-06,100.59823,17.89408215557611,100.5982312939453,0
232200,52.0574738790557,-1.2939453e-06,100.64463,17.90710341778367,100.64463129394531,0
233100,52.050018832086,-1.2939453e-06,100.69086,17.920536212978046,100.6908612939453,0
234000,51.62590480153044,-1.2939453e-06,100.84131,17.83570376779985,100.8413112939453,0
234900,51.60207693461131,-1.2939453e-06,100.89117,17.851841335528963,100.8911712939453,0
235800,51.57820274900516,-1.2939453e-06,100.940735,17.868346546165263,100.9407362939453,0
236700,51.55428509824762,-1.2939453e-06,100.990036,17.885238228272648,100.9900372939453,0
237600,51.57675837350015,-1.2939453e-06,100.36017,17.83768374247854,100.3601712939453,0
238500,51.5515734548133,-1.2939453e-06,100.38102,17.849827476028604,100.38102129394531,0
239400,52.57669179142945,-1.2939453e-06,100.441895,17.88753937945934,100.4418962939453,0
240300,52.57455648688396,-1.2939453e-06,100.46435,17.901215331468322,100.4643512939453,0
241200,51.588286519712305,-1.2939453e-06,99.57955,17.503268283073027,99.5795512939453,0
242100,51.546416969207264,-1.2939453e-06,99.5527,17.514883648945535,99.5527012939453,0
243000,51.86613803587389,-1.2939453e-06,99.50868,17.583722466624195,99.5086812939453,0
243900,51.840667720974906,-1.2939453e-06,99.46952,17.568354449338155,99.4695212939453,0
244800,52.23640818284359,-1.2939453e-06,99.88381,17.78896711392191,99.8838112939453,0
245700,52.23146365067182,-1.2939453e-06,99.88169,17.778006291124935,99.88169129394531,0
246600,52.22612433097492,-1.2939453e-06,99.876656,17.76690770596145,99.8766572939453,0
247500,52.22082676021734,-1.2939453e-06,99.87162,17.75593488022014,99.8716212939453,0
248400,51.76396692307082,-1.2939453e-06,99.72958,17.462005277162366,99.7295812939453,0
249300,51.73964664009101,-1.2939453e-06,99.71556,17.448620486565016,99.7155612939453,0
250200,53.0385592977426,-1.2939453e-06,99.59431,18.756460019911056,99.5943112939453,0
251100,53.02131308663144,-1.2939453e-06,99.56873,18.758500858986906,99.5687312939453,0
252000,53.107977783096096,-1.2939453e-06,99.1812,18.920250618005863,99.1812012939453,0
252900,53.097569642187,-1.2939453e-06,99.13011,18.922401376515108,99.1301112939453,0
253800,53.08680149875263,-1.2939453e-06,99.07683,18.92446916595297,99.0768312939453,0
254700,53.076020721075885,-1.2939453e-06,99.023636,18.926610160517168,99.0236372939453,0
255600,53.3334157250153,-1.2939453e-06,99.129105,19.17243509509557,99.1291062939453,0
256500,53.33588198749005,-1.2939453e-06,99.08954,19.17524154409276,99.0895412939453,0
257400,53.33821374092441,-1.2939453e-06,99.049484,19.17811689057131,99.04948529394531,0
258300,53.34049218524253,-1.2939453e-06,99.00946,19.181094375901335,99.00946129394531,0
259200,54.14480231249005,-1.2939453e-06,100.20944,19.40382927616202,100.2094412939453,0
260100,54.17703031271729,-1.2939453e-06,100.25887,19.410477594370175,100.2588712939453,0
261000,54.206793969585995,-1.2939453e-06,100.29235,19.416311931012736,100.2923512939453,0
261900,54.23645527249003,-1.2939453e-06,100.32571,19.42219788355168,100.3257112939453,0
262800,55.462940516934495,-1.2939453e-06,102.26911,19.973969979877563,102.2691112939453,0
263700,55.53992378713649,-1.2939453e-06,102.385635,19.98443677005936,102.3856362939453,0
264600,55.614629821984984,-1.2939453e-06,102.48815,19.99420269332898,102.48815129394531,0
265500,55.68912930052035,-1.2939453e-06,102.59036,20.004154678548606,102.5903612939453,0
266400,55.62126698865171,-1.2939453e-06,102.8082,20.02728186983883,102.8082012939453,0
267300,52.081755304409164,-1.2939453e-06,89.44113,16.97404711280664,89.4411312939453,0
268200,51.660738486000184,-1.2939453e-06,89.36891,16.756393131336417,89.3689112939453,0
269100,51.569810545040525,-1.2939453e-06,89.303856,16.763515103078795,89.3038572939453,0
270000,52.30422019733855,-1.2939453e-06,89.93782,16.958445925827395,89.9378212939453,0
270900,52.2408241139042,-1.2939453e-06,89.88185,16.96379397968122,89.8818512939453,0
271800,52.17892052223753,-1.2939453e-06,89.82589,16.970583192783383,89.8258912939453,0
272700,53.79959466440923,-1.2939453e-06,103.27668,17.867862926208375,103.2766812939453,0
273600,54.69341185683347,-1.2939453e-06,104.2869,18.551888407689468,104.2869012939453,0
274500,54.77050848562135,-1.2939453e-06,104.4678,18.571218083227077,104.4678012939453,0
275400,54.84711610102536,-1.2939453e-06,104.64687,18.59102209501891,104.64687129394531,0
276300,54.92350654546985,-1.2939453e-06,104.8256,18.611380613317163,104.8256012939453,0
277200,54.35960153208605,-1.2939453e-06,103.769394,18.385702222053183,103.76939529394531,0
278100,54.41538143764159,-1.2939453e-06,103.91875,18.40550367937274,103.9187512939453,0
279000,53.274071278298116,-1.2939453e-06,101.33426,18.001215287564747,101.3342612939453,0
279900,53.26413983410617,-1.2939453e-06,101.569374,18.020768983327113,101.5693752939453,0
280800,53.40478551743948,-1.2939453e-06,100.744,17.98121316082284,100.7440012939453,0
281700,53.765302808601106,-1.2939453e-06,90.48942,17.60564797543268,90.4894212939453,0
282600,53.70107917375263,-1.2939453e-06,90.26617,17.635330506844188,90.2661712939453,0
283500,53.63699552526782,-1.2939453e-06,90.04291,17.666452133095227,90.04291129394531,0
284400,51.335635707843565,-1.2939453e-06,85.44728,17.15883110318327,85.44728129394531,1
285300,53.39834160380316,-1.2939453e-06,99.74879,17.737887184588338,99.7487912939453,0
286200,53.365119995974936,-1.2939453e-06,99.774185,17.77774976687685,99.7741862939453,0
287100,53.50366281213647,-1.2939453e-06,99.79904,17.711527888923026,99.79904129394531,0
288000,53.81099919850017,-1.2939453e-06,100.34457,18.110261748535546,100.34457129394531,0
288900,53.846748612389064,-1.2939453e-06,100.38985,18.108975065215027,100.3898512939453,0
289800,53.88212925860118,-1.2939453e-06,100.43317,18.107723393063875,100.4331712939453,0
290700,53.91735873865168,-1.2939453e-06,100.47598,18.106596489444026,100.47598129394531,0
291600,53.309289248752606,-1.2939453e-06,98.69765,17.8541586454452,98.6976512939453,0
292500,53.319983025015276,-1.2939453e-06,98.68201,17.853122740171244,98.68201129394531,0
293400,53.32609573890414,-1.2939453e-06,98.63485,17.85046411144778,98.6348512939453,0
294300,53.33214899496477,-1.2939453e-06,98.587456,17.847971172337665,98.5874572939453,0
295200,53.202196807843585,-1.2939453e-06,98.81835,17.847518847586688,98.8183512939453,0
296100,54.28073216062141,-1.2939453e-06,98.390945,19.08721010086464,98.3909462939453,0
297000,54.292753362894125,-1.2939453e-06,98.3442,19.09181452137376,98.3442012939453,0
297900,54.45015753057088,-1.2939453e-06,98.29687,19.186832323975015,98.2968712939453,0
298800,55.19908484749001,-1.2939453e-06,99.23993,19.43353335016454,99.2399312939453,0
299700,55.244876943449654,-1.2939453e-06,99.25607,19.440032832660116,99.2560712939453,0
300600,55.28876646996482,-1.2939453e-06,99.26091,19.446188810220686,99.2609112939453,0
301500,55.332420244712324,-1.2939453e-06,99.2652,19.452441985573504,99.2652012939453,0
302400,54.78164566011625,-1.2939453e-06,98.79465,19.19606525538248,98.79465129394531,0
303300,54.8047431714799,-1.2939453e-06,98.77762,19.202316237298664,98.7776212939453,0
304200,54.82729461062137,-1.2939453e-06,98.75782,19.208522350939187,98.7578212939453,0
305100,54.849668789156716,-1.2939453e-06,98.73751,19.214785097627363,98.7375112939453,0
306000,54.677079844459705,-1.2939453e-06,98.87291,19.115953503116348,98.87291129394531,0
306900,54.698633055318346,-1.2939453e-06,98.860146,19.122712389170065,98.8601472939453,0
307800,54.71996087249005,-1.2939453e-06,98.84652,19.129506264816058,98.8465212939453,0
308700,54.74110920178298,-1.2939453e-06,98.832375,19.136343988286665,98.8323762939453,0
309600,54.990005455217286,-1.2939453e-06,98.579384,19.1288092115279,98.57938529394531,0
310500,54.186213997742605,-1.2939453e-06,99.23628,19.06542795892137,99.2362812939453,0
311400,54.00003738132846,-1.2939453e-06,99.27049,18.969682525181703,99.2704912939453,0
312300,53.991185690671884,-1.2939453e-06,99.28941,18.990575138889746,99.2894112939453,0
313200,54.0286295733739,-1.2939453e-06,99.308136,19.017131982459883,99.30813729394531,0
314100,54.02460959218699,-1.2939453e-06,99.327095,19.039638176003223,99.3270962939453,0
315000,54.020606835621315,-1.2939453e-06,99.34607,19.06241043117907,99.3460712939453,0
315900,54.01662055291927,-1.2939453e-06,99.36504,19.08544779951327,99.3650412939453,0
316800,53.014132013904195,-1.2939453e-06,99.63785,17.982041681407296,99.6378512939453,0
317700,53.00127144218704,-1.2939453e-06,99.673195,17.99497818526221,99.67319629394531,0
318600,52.99011893839918,-1.2939453e-06,99.70378,18.007895980561294,99.7037812939453,0
319500,52.979040156580886,-1.2939453e-06,99.7344,18.021272491355887,99.7344012939453,0
320400,54.09056050178295,-1.2939453e-06,101.56894,18.552981503254884,101.5689412939453,0
321300,54.123830669459736,-1.2939453e-06,101.690796,18.57452321251153,101.69079729394531,0
322200,53.11555974976272,-1.2939453e-06,101.81855,17.740763551354092,101.8185512939453,0
323100,53.62785249723756,-1.2939453e-06,101.90583,17.83783324576375,101.9058312939453,0
324000,53.02689021264153,-1.2939453e-06,101.48645,17.669052392416127,101.48645129394531,0
324900,53.00255620254058,-1.2939453e-06,101.57424,17.669543108997903,101.5742412939453,0
325800,52.978146484358746,-1.2939453e-06,101.66076,17.67115613198332,101.6607612939453,0
326700,52.95388190405572,-1.2939453e-06,101.74711,17.67401865018442,101.74711129394531,0
327600,52.01144378865168,-1.2939453e-06,90.902565,17.390031060316954,90.9025662939453,0
328500,51.95746417678298,-1.2939453e-06,90.950226,17.378582321184556,90.9502272939453,0
329400,51.90359961895464,-1.2939453e-06,90.99782,17.368546961345785,90.99782129394531,0
330300,51.8498175883992,-1.2939453e-06,91.04534,17.359927411247273,91.0453412939453,0
331200,50.51793796036882,-1.2939453e-06,90.20873,17.25561652586061,90.2087312939453,1
332100,52.71069980178292,-1.2939453e-06,98.89454,17.685177764675135,98.89454129394531,0
333000,52.71206416769204,-1.2939453e-06,98.904045,17.67093763508951,98.9040462939453,0
333900,52.713541627288,-1.2939453e-06,98.913574,17.656908363201737,98.9135752939453,0
334800,52.09420399698499,-1.2939453e-06,98.39957,17.468348122320144,98.3995712939453,0
335700,52.075911737641604,-1.2939453e-06,98.377426,17.45551877342053,98.3774272939453,0
336600,52.05727942249007,-1.2939453e-06,98.35178,17.442636535199398,98.35178129394531,0
337500,53.31684338562135,-1.2939453e-06,98.20666,18.759288188855965,98.2066612939453,0
338400,54.08847900784356,-1.2939453e-06,99.18248,19.039003892573405,99.1824812939453,0
339300,54.10437552728803,-1.2939453e-06,99.22191,19.04317184607849,99.2219112939453,0
340200,54.11840860910613,-1.2939453e-06,99.249344,19.046861158495222,99.2493452939453,0
341100,54.13238468233851,-1.2939453e-06,99.2766,19.0506337926008,99.2766012939453,0
342000,53.9176088229951,-1.2939453e-06,98.49107,19.05042182019486,98.4910712939453,0
342900,53.920474165671884,-1.2939453e-06,98.47813,19.053076783309084,98.4781312939453,0
343800,53.92234489294455,-1.2939453e-06,98.45833,19.055515877313294,98.4583312939453,0
344700,53.924191852540524,-1.2939453e-06,98.438545,19.058065056147914,98.43854629394531,0
345600,54.0371459240052,-1.2939453e-06,98.76245,19.087356359527085,98.7624512939453,0
346500,54.0369461752678,-1.2939453e-06,98.85487,19.11203207878171,98.85487129394531,0
347400,54.03657170430824,-1.2939453e-06,98.94715,19.136849936210908,98.9471512939453,0
348300,54.036162134106206,-1.2939453e-06,99.03931,19.161867749647648,99.0393112939453,0
349200,55.078339366429425,-1.2939453e-06,101.35104,19.603240111457847,101.3510412939453,0
350100,55.126386958853686,-1.2939453e-06,101.48923,19.63473416274742,101.48923129394531,0
351000,55.17026543461129,-1.2939453e-06,101.59797,19.66507605294578,101.5979712939453,0
351900,55.214001386883986,-1.2939453e-06,101.70647,19.695738926083493,101.7064712939453,0
352800,55.60875514344954,-1.2939453e-06,102.12785,20.076964158568167,102.1278512939453,0
353700,55.66233174875271,-1.2939453e-06,102.245605,20.11125567318346,102.2456062939453,0
354600,54.56584448082337,-1.2939453e-06,102.58427,18.694803963241025,102.5842712939453,0
355500,54.613935564409175,-1.2939453e-06,102.71459,18.71886801294026,102.7145912939453,0
356400,55.57323548107589,-1.2939453e-06,104.4515,19.14477697177604,104.4515012939453,0
357300,54.607189044712264,-1.2939453e-06,104.66865,18.21922439951182,104.6686512939453,0
358200,54.62503502173244,-1.2939453e-06,104.84496,18.245695277027366,104.8449612939453,0
359100,53.0318919639042,-1.2939453e-06,91.35317,17.293144188480852,91.35317129394531,0
360000,53.809622141429394,-1.2939453e-06,91.72855,17.46929166120758,91.7285512939453,0
360900,53.79031950658094,-1.2939453e-06,91.53582,17.454880321835674,91.5358212939453,0
361800,53.77153597249005,-1.2939453e-06,91.34485,17.441649391100622,91.3448512939453,0
362700,53.752902571479886,-1.2939453e-06,91.15389,17.42954906217718,91.1538912939453,0
363600,52.99283720430821,-1.2939453e-06,90.16744,17.20965962373386,90.1674412939453,0
364500,53.970246489661704,-1.2939453e-06,89.94088,17.65205500216913,89.94088129394531,0
365400,55.957836342439485,-1.2939453e-06,103.16937,18.689653220841468,103.1693712939453,0
366300,56.04395106617688,-1.2939453e-06,103.29491,18.68963463135491,103.2949112939453,0
367200,55.967799652793104,-1.2939453e-06,102.08725,18.621248748643975,102.0872512939453,0
368100,56.048271342439584,-1.2939453e-06,102.183235,18.61998014790644,102.1832362939453,0
369000,56.12780134597491,-1.2939453e-06,102.27395,18.61874337224092,102.2739512939453,0
369900,56.20703631592437,-1.2939453e-06,102.36399,18.617773827798224,102.3639912939453,0
370800,55.06815676011633,-1.2939453e-06,100.5256,18.156033444221805,100.5256012939453,0
371700,55.38213775961125,-1.2939453e-06,100.57011,18.347281593859933,100.5701112939453,0
372600,55.44729674041931,-1.2939453e-06,100.5962,18.397924621525497,100.5962012939453,0
373500,55.4766668538032,-1.2939453e-06,100.62195,18.42705215840316,100.6219512939453,0
374400,52.09379298031833,-1.2939453e-06,99.26773,17.40241490124181,99.2677312939453,0
375300,52.03591122451022,-1.2939453e-06,99.2176,17.4159511544441,99.21760129394531,0
376200,51.97797880052036,-1.2939453e-06,99.167206,17.429712278217803,99.1672072939453,0
377100,51.92000005456079,-1.2939453e-06,99.116585,17.443699826849162,99.1165862939453,0
378000,51.67812611642942,-1.2939453e-06,98.91713,17.41213856312988,98.9171312939453,0
378900,51.5984574366314,-1.2939453e-06,98.81043,17.421775472792387,98.8104312939453,0
379800,51.5336974154193,-1.2939453e-06,98.74426,17.437136122772877,98.7442612939453,1
380700,52.6748910482476,-1.2939453e-06,98.308075,18.653407351877444,98.3080762939453,0
381600,53.59474835026781,-1.2939453e-06,99.2721,19.06064572936138,99.2721012939453,0
382500,53.57952896794459,-1.2939453e-06,99.27914,19.09139567564214,99.2791412939453,0
383400,53.881762521227444,-1.2939453e-06,99.26587,19.12991689228103,99.26587129394531,0
384300,53.87848159319708,-1.2939453e-06,99.25211,19.13255398100364,99.2521112939453,0
385200,54.622155783853664,-1.2939453e-06,100.08671,19.53671277359653,100.0867112939453,0
386100,54.64489520228807,-1.2939453e-06,100.11387,19.541664524541293,100.11387129394531,0
387000,54.66662308991428,-1.2939453e-06,100.13535,19.546443495307116,100.1353512939453,0
387900,54.68812385304559,-1.2939453e-06,100.1562,19.55132213409169,100.1562012939453,0
388800,56.03202854900519,-1.2939453e-06,102.191154,20.14817372354681,102.1911552939453,0
389700,55.27511740834864,-1.2939453e-06,102.28705,19.36048466344303,102.2870512939453,0
390600,55.29179384117695,-1.2939453e-06,102.36857,19.370959792321663,102.36857129394531,0
391500,53.84995797501527,-1.2939453e-06,100.25932,18.830261766917165,100.2593212939453,0
392400,53.86827531264159,-1.2939453e-06,101.09842,18.921967956108315,101.09842129394531,0
393300,53.81284030860118,-1.2939453e-06,101.168564,18.932511163147712,101.1685652939453,0
394200,53.11570300897995,-1.2939453e-06,102.288704,18.957260878538076,102.2887052939453,0
395100,53.04882316201024,-1.2939453e-06,102.41541,18.96614593243413,102.4154112939453,0
396000,51.37996107817183,-1.2939453e-06,98.627914,18.372647782158033,98.6279152939453,1
396900,53.24117254925772,-1.2939453e-06,100.043686,19.3364489829402,100.0436872939453,0
397800,53.26251442804554,-1.2939453e-06,100.11364,19.344344161086873,100.1136412939453,0
398700,52.24990940456079,-1.2939453e-06,100.38825,17.982481047204388,100.3882512939453,0
399600,51.95616480784351,-1.2939453e-06,100.050224,17.701581960525363,100.0502252939453,0
400500,51.938778865671864,-1.2939453e-06,100.11462,17.708627992838075,100.1146212939453,0
401400,51.921196295469855,-1.2939453e-06,100.177734,17.7159472557958,100.1777352939453,0
402300,51.90359041769209,-1.2939453e-06,100.24063,17.723626925340383,100.2406312939453,0
403200,52.10440727375264,-1.2939453e-06,100.72004,17.884892797346907,100.7200412939453,0
404100,52.09362277526787,-1.2939453e-06,100.79976,17.8966722801843,100.79976129394531,0
405000,52.381927330823416,-1.2939453e-06,100.879616,18.17501234511512,100.8796172939453,0
405900,52.378779657086014,-1.2939453e-06,100.9581,18.19090688656275,100.9581012939453,0
406800,52.460872426025375,-1.2939453e-06,101.3269,18.14628793261476,101.3269012939453,0
407700,52.455791578550595,-1.2939453e-06,101.41586,18.16172405901477,101.4158612939453,0
408600,52.450565635873915,-1.2939453e-06,101.50422,18.17753718494296,101.5042212939453,0
409500,52.44526018612644,-1.2939453e-06,101.59226,18.19375696282038,101.5922612939453,0
410400,51.892488374762806,-1.2939453e-06,100.60222,17.98034863758543,100.6022212939453,0
411300,51.869348386631415,-1.2939453e-06,100.653404,17.99384327333599,100.6534052939453,0
412200,51.84512359799508,-1.2939453e-06,100.6977,18.007112282215786,100.6977012939453,0
413100,51.88112245178296,-1.2939453e-06,100.7053,18.099857743553315,100.7053012939453,0
414000,50.83093430607589,-1.2939453e-06,99.519165,17.74062296554198,99.5191662939453,1
414900,50.799325987389,-1.2939453e-06,99.50464,17.729261899830927,99.5046412939453,1
415800,50.76529969597485,-1.2939453e-06,99.47319,17.716614497344185,99.4731912939453,1
416700,50.73129152147989,-1.2939453e-06,99.441765,17.704137330196005,99.4417662939453,1
417600,50.44669406819706,-1.2939453e-06,99.40598,17.64103903108342,99.4059812939453,1
418500,50.4106261444597,-1.2939453e-06,99.37402,17.628692962663063,99.3740212939453,1
419400,50.37464005683348,-1.2939453e-06,99.34212,17.616517387557337,99.3421212939453,1
420300,51.59162688233846,-1.2939453e-06,99.19021,18.95463618490703,99.1902112939453,0
421200,51.534014744964814,-1.2939453e-06,98.77893,18.873641021893718,98.7789312939453,0
422100,51.483572062389015,-1.2939453e-06,98.705025,18.87686037067401,98.70502629394531,1
423000,51.43252686440923,-1.2939453e-06,98.62729,18.879931138999382,98.6272912939453,1
423900,51.38145448814661,-1.2939453e-06,98.54953,18.883125577934127,98.54953129394531,1
424800,51.336274280318314,-1.2939453e-06,98.58601,18.991320033317542,98.5860112939453,1
425700,52.69701263375263,-1.2939453e-06,98.57332,18.924790699594148,98.5733212939453,0
426600,52.66809987615166,-1.2939453e-06,98.514404,18.926687455487787,98.5144052939453,0
427500,52.63925604572233,-1.2939453e-06,98.45562,18.92872519199747,98.4556212939453,0
428400,53.15012227855058,-1.2939453e-06,98.40639,19.051780490128667,98.4063912939453,0
429300,53.14782577208602,-1.2939453e-06,98.34947,19.054179405610466,98.3494712939453,0
430200,53.14543283069715,-1.2939453e-06,98.2927,19.056575667535412,98.2927012939453,0
431100,53.1430299608739,-1.2939453e-06,98.23608,19.059080068373415,98.2360812939453,0
432000,53.56237745567186,-1.2939453e-06,99.51496,19.233054939771435,99.5149612939453,0
432900,53.58971112829815,-1.2939453e-06,99.569496,19.239688497564266,99.5694972939453,0
433800,53.61343652486382,-1.2939453e-06,99.60071,19.245133255285428,99.60071129394531,0
434700,53.63707931754053,-1.2939453e-06,99.63178,19.250645891604876,99.63178129394531,0
435600,54.49549511377791,-1.2939453e-06,100.683174,19.622870926863726,100.6831752939453,0
436500,54.54713814789409,-1.2939453e-06,100.76256,19.630623655731632,100.7625612939453,0
437400,54.59791881201022,-1.2939453e-06,100.83635,19.63818522629726,100.8363512939453,0
438300,54.64856872110111,-1.2939453e-06,100.90992,19.64585765329369,100.9099212939453,0
439200,54.138239922237545,-1.2939453e-06,102.062675,18.61576000888631,102.0626762939453,0
440100,54.20241444824766,-1.2939453e-06,102.18128,18.614075682558777,102.1812812939453,0
441000,53.50487118802035,-1.2939453e-06,102.3088,17.823057042386836,102.30880129394531,0
441900,53.09372885658097,-1.2939453e-06,102.45928,17.62706174563109,102.45928129394531,0
442800,53.67807568627787,-1.2939453e-06,103.581375,17.89433582951718,103.5813762939453,0
443700,53.6867051711264,-1.2939453e-06,103.73373,17.915528473119984,103.7337312939453,0
444600,52.103048080823385,-1.2939453e-06,90.45447,16.947882653172314,90.4544712939453,0
445500,52.03374579564663,-1.2939453e-06,90.20945,16.951037662612467,90.2094512939453,0
446400,52.41915647173243,-1.2939453e-06,90.857704,17.077173338073944,90.8577052939453,0
447300,52.36833576238904,-1.2939453e-06,90.64277,17.080281410984796,90.6427712939453,0
448200,52.83916162956077,-1.2939453e-06,95.69989,17.683793285523475,95.6998912939453,0
449100,52.83683179673253,-1.2939453e-06,95.881325,17.691353493345922,95.8813262939453,0
450000,54.515574570217325,-1.2939453e-06,103.91889,18.550689069215217,103.91889129394531,0
450900,54.60579018637885,-1.2939453e-06,104.181145,18.578703481280822,104.1811462939453,0
451800,54.68148999420721,-1.2939453e-06,104.36342,18.59932279194889,104.36342129394531,0
452700,54.75698140506581,-1.2939453e-06,104.54529,18.620504013919824,104.5452912939453,0
453600,54.46508934471228,-1.2939453e-06,102.95643,18.643038543194884,102.9564312939453,0
454500,54.52578932653041,-1.2939453e-06,103.09922,18.667233590190353,103.0992212939453,0
455400,54.58536895860113,-1.2939453e-06,103.23447,18.691409105090326,103.2344712939453,0
456300,53.66455061642937,-1.2939453e-06,103.40277,17.8295534150107,103.4027712939453,0
457200,53.349960193197084,-1.2939453e-06,103.546844,17.74182162025287,103.5468452939453,0
458100,51.666486977035476,-1.2939453e-06,89.87003,16.772776697618358,89.8700312939453,0
459000,51.5783400288032,-1.2939453e-06,89.60598,16.781183241622884,89.6059812939453,0
459900,51.49024745607588,-1.2939453e-06,89.34192,16.791113342881623,89.3419212939453,1
460800,50.775712067692034,-1.2939453e-06,87.04969,16.79342668111775,87.0496912939453,1
461700,51.48982723435871,-1.2939453e-06,91.94576,17.450109870623255,91.94576129394531,1
462600,53.40741000102542,-1.2939453e-06,100.77401,18.085296044322064,100.7740112939453,0
463500,53.44918504521734,-1.2939453e-06,100.85683,18.077238261872264,100.8568312939453,0
464400,53.072362449510265,-1.2939453e-06,99.299164,17.84045285065731,99.29916529394531,0
465300,53.09371260052038,-1.2939453e-06,99.30947,17.838437043694274,99.30947129394531,0
466200,53.11306231036887,-1.2939453e-06,99.30745,17.835814116453406,99.3074512939453,0
467100,53.13228706844966,-1.2939453e-06,99.30505,17.833324038325898,99.3050512939453,0
468000,53.89301233764149,-1.2939453e-06,100.63323,18.04648929767494,100.6332312939453,0
468900,55.00273628385367,-1.2939453e-06,100.17489,19.267949592343044,100.17489129394531,0
469800,55.25920858031833,-1.2939453e-06,100.20585,19.404916338076227,100.2058512939453,0
470700,55.30907483309609,-1.2939453e-06,100.23623,19.411079323333794,100.23623129394531,0
471600,55.47822052324759,-1.2939453e-06,100.27293,19.544382266390233,100.2729312939453,0
472500,55.53516065228798,-1.2939453e-06,100.30232,19.549623216709925,100.3023212939453,0
473400,55.5918393156718,-1.2939453e-06,100.33109,19.55498909948176,100.3310912939453,0
474300,55.64824987249004,-1.2939453e-06,100.35924,19.560476459041666,100.3592412939453,0
475200,55.05469630607589,-1.2939453e-06,99.45652,19.27694963353609,99.4565212939453,0
476100,55.08560193259103,-1.2939453e-06,99.45194,19.283662667826334,99.4519412939453,0
477000,55.11520514647993,-1.2939453e-06,99.43987,19.290113667402657,99.4398712939453,0
477900,55.14461581314659,-1.2939453e-06,99.42728,19.296620487222334,99.4272812939453,0
478800,55.40337556819709,-1.2939453e-06,99.70537,19.277201674857334,99.7053712939453,0
479700,55.43775926617692,-1.2939453e-06,99.70628,19.282068010981476,99.70628129394531,0
480600,55.47184413385367,-1.2939453e-06,99.70587,19.286981679766647,99.70587129394531,0
481500,55.50574479016688,-1.2939453e-06,99.70491,19.291972339696876,99.7049112939453,0
482400,55.51199026819714,-1.2939453e-06,99.42918,19.320767469385444,99.4291812939453,0
483300,55.50558621238902,-1.2939453e-06,99.33837,19.347322994095336,99.3383712939453,0
484200,55.516634052287976,-1.2939453e-06,99.32055,19.378764062626328,99.3205512939453,0
485100,55.52717397147986,-1.2939453e-06,99.30035,19.410388955979673,99.3003512939453,0
486000,55.50510442324758,-1.2939453e-06,99.08755,19.504333207722837,99.0875512939453,0
486900,54.50660130582338,-1.2939453e-06,99.71017,19.414249680133643,99.71017129394531,0
487800,52.42215871062138,-1.2939453e-06,99.96576,17.407781192584746,99.9657612939453,0
488700,52.35832065524253,-1.2939453e-06,99.99158,17.423518030752845,99.9915812939453,0
489600,52.28153022140417,-1.2939453e-06,100.06972,17.414599868187068,100.0697212939453,0
490500,52.22307717021732,-1.2939453e-06,100.11865,17.434804633776498,100.1186512939453,0
491400,52.16140659168196,-1.2939453e-06,100.14915,17.45467805937075,100.14915129394531,0
492300,52.87633095329812,-1.2939453e-06,100.16931,17.890107978702147,100.1693112939453,0
493200,52.95704337274254,-1.2939453e-06,100.42613,17.9148013022601,100.4261312939453,0
494100,52.9495838628941,-1.2939453e-06,100.46741,17.923870631540222,100.4674112939453,0
495000,53.25539830809611,-1.2939453e-06,100.4896,18.033083323209365,100.4896012939453,0
495900,53.270102088399064,-1.2939453e-06,100.52876,18.018360434230253,100.52876129394531,0
496800,53.52710589774256,-1.2939453e-06,100.77862,18.114651656574598,100.7786212939453,0
497700,53.54851475405572,-1.2939453e-06,100.82828,18.100735434702028,100.82828129394531,0
498600,53.569922038146636,-1.2939453e-06,100.8776,18.087036794791025,100.8776012939453,0
499500,51.642892930823415,-1.2939453e-06,91.41141,17.414823667190756,91.4114112939453,0
500400,50.80529895127787,-1.2939453e-06,91.948364,17.29907536964536,91.9483652939453,1
501300,50.71649820102535,-1.2939453e-06,91.95651,17.30424951297715,91.9565112939453,1
502200,50.62872215430824,-1.2939453e-06,91.96401,17.311260719907395,91.9640112939453,1
503100,52.750396821479875,-1.2939453e-06,99.024796,17.77153180425301,99.0247972939453,0
504000,52.2657406704698,-1.2939453e-06,98.4906,17.56059925893328,98.4906012939453,0
504900,52.25080176642943,-1.2939453e-06,98.47772,17.54608251023831,98.47772129394531,0
505800,52.23547068536879,-1.2939453e-06,98.461426,17.531536804129978,98.4614272939453,0
506700,52.22025321693444,-1.2939453e-06,98.445244,17.51719450294966,98.4452452939453,0
507600,51.89072767223755,-1.2939453e-06,98.48463,17.480007419659167,98.4846312939453,0
508500,53.15917455632838,-1.2939453e-06,98.342545,18.757428830247978,98.3425462939453,0
509400,53.14500078839915,-1.2939453e-06,98.32011,18.759955942511265,98.3201112939453,0
510300,53.13075354749008,-1.2939453e-06,98.29762,18.762500139197684,98.2976212939453,0
511200,53.06226320456075,-1.2939453e-06,98.0469,18.749957938710228,98.0469012939453,0
512100,53.025260602793054,-1.2939453e-06,97.94435,18.747392530301727,97.9443512939453,0
513000,53.0036587159244,-1.2939453e-06,97.901276,18.749324369107786,97.9012772939453,0
513900,52.98186605304563,-1.2939453e-06,97.85678,18.751295078996186,97.8567812939453,0
514800,53.58996641466174,-1.2939453e-06,98.74892,18.954602171686698,98.7489212939453,0
515700,53.59303646087394,-1.2939453e-06,98.779205,18.959411538791827,98.77920629394531,0
516600,53.59421755733849,-1.2939453e-06,98.79734,18.963729123064866,98.79734129394531,0
517500,53.595373250772894,-1.2939453e-06,98.815346,18.968137315198785,98.81534729394531,0
518400,54.48598769117688,-1.2939453e-06,100.04004,19.39362345425817,100.04004129394531,0
519300,54.5316766237527,-1.2939453e-06,100.11846,19.40035630089734,100.1184612939453,0
520200,54.575181894712266,-1.2939453e-06,100.18836,19.40602337426911,100.1883612939453,0
521100,54.61853058233857,-1.2939453e-06,100.257996,19.411852047243592,100.25799729394531,0
522000,55.52017889395466,-1.2939453e-06,102.001945,19.814971340038674,102.00194629394531,0
522900,55.582987916176876,-1.2939453e-06,102.13639,19.846440913417037,102.13639129394531,0
523800,55.644953610621286,-1.2939453e-06,102.26181,19.8776830949716,102.2618112939453,0
524700,55.70673243738903,-1.2939453e-06,102.38694,19.90933757799079,102.3869412939453,0
525600,55.777947038399105,-1.2939453e-06,102.20418,19.95221331260342,102.2041812939453,0
526500,54.706495629055624,-1.2939453e-06,102.450386,18.603837013136847,102.4503872939453,0
527400,54.762146975520366,-1.2939453e-06,102.57683,18.62462712077011,102.5768312939453,0
528300,53.84851261087389,-1.2939453e-06,102.73314,17.744061787946652,102.73314129394531,0
529200,54.08763663637894,-1.2939453e-06,103.56317,17.89367887309625,103.5631712939453,0
530100,54.091148026277935,-1.2939453e-06,103.71309,17.916590116419986,103.7130912939453,0
531000,52.50852296945966,-1.2939453e-06,90.40731,17.01400110283756,90.4073112939453,0
531900,52.43264557804555,-1.2939453e-06,90.15496,17.021849894926078,90.1549612939453,0
532800,52.97997131011633,-1.2939453e-06,91.644455,17.205863579922603,91.6444562939453,0
533700,52.92749027855072,-1.2939453e-06,91.44582,17.211232290844716,91.4458212939453,0
534600,52.87791173814662,-1.2939453e-06,91.2607,17.218186347046423,91.2607012939453,0
535500,53.359675467692064,-1.2939453e-06,95.43231,17.77471473978977,95.4323112939453,0
536400,52.474040630318264,-1.2939453e-06,94.477715,17.568521789482624,94.4777162939453,0
537300,54.175419555318335,-1.2939453e-06,101.85025,18.253804673655413,101.8502512939453,0
538200,54.221631681580966,-1.2939453e-06,101.97286,18.26921668619947,101.9728612939453,0
539100,54.267725598247594,-1.2939453e-06,102.09523,18.285080242464254,102.0952312939453,0
540000,55.34607274597492,-1.2939453e-06,101.76052,18.59356369172545,101.7605212939453,0
540900,55.830598637388995,-1.2939453e-06,101.84091,18.839558042124647,101.8409112939453,0
541800,55.91253021920717,-1.2939453e-06,101.92079,18.842730108952257,101.9207912939453,0
542700,55.99417691238902,-1.2939453e-06,102.00009,18.846250414701117,102.0000912939453,0
543600,55.78617055607593,-1.2939453e-06,101.926445,18.769698037407796,101.9264462939453,0
544500,55.86008041895465,-1.2939453e-06,102.00013,18.77415891070598,102.0001312939453,0
545400,55.316601598500064,-1.2939453e-06,102.07308,18.06882618160698,102.07308129394531,0
546300,55.33301344572233,-1.2939453e-06,102.14555,18.07929708270369,102.1455512939453,0
547200,54.62725352981325,-1.2939453e-06,101.52106,17.922084814317422,101.52106129394531,0
548100,54.61916490582333,-1.2939453e-06,101.57212,17.94185395613252,101.5721212939453,0
549000,52.63763023713655,-1.2939453e-06,87.65717,17.314905949912184,87.6571712939453,0
549900,52.545262279560774,-1.2939453e-06,87.3271,17.336090128488916,87.3271012939453,0
550800,52.21400827930821,-1.2939453e-06,89.96101,17.465110550158272,89.9610112939453,0
551700,50.91263101137895,-1.2939453e-06,89.88205,17.122540988118427,89.88205129394531,1
552600,52.820478405823394,-1.2939453e-06,100.12491,17.797443103120955,100.1249112939453,0
553500,52.81705731945973,-1.2939453e-06,100.16926,17.795457765324233,100.1692612939453,0
554400,53.30277314067188,-1.2939453e-06,98.15827,18.746000367475542,98.1582712939453,0
555300,53.28850079572236,-1.2939453e-06,98.130516,18.750228754335566,98.1305172939453,0
556200,53.270801971984994,-1.2939453e-06,98.07932,18.753352646694452,98.0793212939453,0
557100,53.253005478045544,-1.2939453e-06,98.02766,18.75656212788946,98.0276612939453,0
558000,53.85181485607593,-1.2939453e-06,98.85293,18.924255160336365,98.8529312939453,0
558900,53.85764742425776,-1.2939453e-06,98.85985,18.928237946627398,98.8598512939453,0
559800,53.50843885531832,-1.2939453e-06,98.85663,18.767756203570645,98.8566312939453,0
560700,53.496072333601155,-1.2939453e-06,98.852974,18.791561542018943,98.8529752939453,0
561600,53.65713701642949,-1.2939453e-06,98.68956,19.193704051606808,98.6895612939453,0
562500,53.646436488399125,-1.2939453e-06,98.67747,19.221433201866613,98.6774712939453,0
563400,53.63549391794464,-1.2939453e-06,98.664566,19.24941277545305,98.6645672939453,0
564300,53.624353818702154,-1.2939453e-06,98.65118,19.2776516115571,98.6511812939453,0
565200,53.637714093449596,-1.2939453e-06,98.287056,19.292670371087052,98.28705729394531,0
566100,53.62592863940922,-1.2939453e-06,98.254364,19.319670445999293,98.2543652939453,0
567000,53.61374335683346,-1.2939453e-06,98.21974,19.346847986295135,98.2197412939453,0
567900,53.60136467804568,-1.2939453e-06,98.18467,19.374269010897212,98.1846712939453,0
568800,53.51505106726279,-1.2939453e-06,100.06842,19.488968933551966,100.0684212939453,0
569700,53.521522508348674,-1.2939453e-06,100.14991,19.51609264338171,100.14991129394531,0
570600,53.52621955834855,-1.2939453e-06,100.219635,19.54284566422781,100.2196362939453,0
571500,53.53078173627787,-1.2939453e-06,100.2891,19.569888841344664,100.28910129394531,0
572400,53.50281255683349,-1.2939453e-06,100.21506,19.69035921459443,100.2150612939453,0
573300,52.51783072627788,-1.2939453e-06,100.44153,18.35106147876479,100.4415312939453,0
574200,52.53452099711127,-1.2939453e-06,100.51085,18.343124431176523,100.51085129394531,0
575100,52.551089594459754,-1.2939453e-06,100.579956,18.33551102945849,100.5799572939453,0
576000,52.34749017299512,-1.2939453e-06,100.81478,18.179898056142243,100.8147812939453,0
576900,52.358926567439525,-1.2939453e-06,100.88989,18.1726976596899,100.8898912939453,0
577800,52.37023391718698,-1.2939453e-06,100.96461,18.165800433896337,100.9646112939453,0
578700,52.38142674193446,-1.2939453e-06,101.03902,18.159216967314087,101.0390212939453,0
579600,51.77937993511628,-1.2939453e-06,100.393616,17.532745048793743,100.3936172939453,0
580500,51.73009302930824,-1.2939453e-06,100.441666,17.527612686339644,100.4416672939453,0
581400,51.68019368132847,-1.2939453e-06,100.486,17.523262378982828,100.48600129394531,0
582300,51.63036718789405,-1.2939453e-06,100.53018,17.52003754317721,100.5301812939453,0
583200,51.78291091087384,-1.2939453e-06,100.925186,17.554606897082195,100.9251872939453,0
584100,52.07132122046979,-1.2939453e-06,100.95061,18.021953318742064,100.9506112939453,0
585000,52.0767560894092,-1.2939453e-06,101.00768,18.015359999934095,101.0076812939453,0
585900,52.082170633601194,-1.2939453e-06,101.06458,18.009003168964686,101.06458129394531,0
586800,49.36004397451021,-1.2939453e-06,89.86492,16.940522294671386,89.8649212939453,1
587700,49.26224913612642,-1.2939453e-06,89.873604,16.9317924804461,89.8736052939453,1
588600,49.16561330759103,-1.2939453e-06,89.88234,16.924824155221426,89.8823412939453,1
589500,49.06912336541933,-1.2939453e-06,89.8912,16.919600784060492,89.8912012939453,1
590400,50.84551050910623,-1.2939453e-06,98.492065,17.523245164935403,98.4920662939453,1
591300,50.81867461466174,-1.2939453e-06,98.483696,17.513460778615396,98.4836972939453,1
592200,50.791289654560806,-1.2939453e-06,98.47044,17.503465095120564,98.4704412939453,1
593100,50.63020508082339,-1.2939453e-06,98.479385,17.256775816003984,98.4793862939453,1
594000,49.97100855683346,-1.2939453e-06,98.22848,17.062164193432277,98.22848129394531,1
594900,49.91094154016679,-1.2939453e-06,98.200745,17.070687400978546,98.2007462939453,1
595800,51.16266408738899,-1.2939453e-06,98.06919,18.484491610503863,98.06919129394531,1
596700,51.25178621415674,-1.2939453e-06,98.029785,18.62777790213584,98.0297862939453,1
597600,50.64183723284359,-1.2939453e-06,97.42434,18.538266635621458,97.4243412939453,1
598500,50.56068455153045,-1.2939453e-06,97.32845,18.562301755178648,97.3284512939453,1
599400,50.479580558096124,-1.2939453e-06,97.23266,18.586465717835424,97.2326612939453,1
600300,51.601125732338495,-1.2939453e-06,97.1694,18.62211427828069,97.1694012939453,0
601200,52.074381780065735,-1.2939453e-06,97.82023,18.893266192938786,97.8202312939453,0
602100,52.16588600885367,-1.2939453e-06,97.812294,19.007760769052712,97.8122952939453,0
603000,52.430601691252654,-1.2939453e-06,97.78714,19.089053155585635,97.7871412939453,0
603900,52.42479589294465,-1.2939453e-06,97.76541,19.092459089911024,97.7654112939453,0
604800,53.98110064647984,-1.2939453e-06,99.47282,19.70322006740477,99.4728212939453,0
